"key","campaign_type","season_year","analyzer","chamber_family","sampling_interval_s","max_gap_s","max_dCH4_over_MAD","max_dCO2_over_MAD","window_length_s","n_flagged","n_segment","co2_slope_ppm_s","co2_p","ch4_slope_ppb_s","ch4_r2","ch4_flux_nmol_m2_s","MDF95","class","class_source","verdict"
"emission_stem_semirigid","upland tree stem, monthly survey","spring 2021","ABB/LGR UGGA (GLA131)","semi-rigid sleeve chamber",1,1,5.3,5,765,770,1207,0.824,0,0.336,0.997,0.254,0.00313,"emission","flux_FINAL.csv","valid, detected: the worked-example closure (1 Hz, CH4 r2 0.997)"
"emission_upland_stem","upland tree stem, height campaign","summer 2021","ABB/LGR UGGA (GLA131)","rigid static stem chamber",5,5,5.7,7,1209,244,543,0.678,1.00000000000000e-304,0.0574,0.99,0.171,0.0177,"emission","flux_after_tier1.csv (MDF95)","valid, detected: clean mid-range upland emission, 5 s logging"
"below_detection_stem","upland tree stem, height campaign","summer 2021","ABB/LGR UGGA (GLA131)","rigid static stem chamber",5,5,5.1,5.3,1124,227,544,0.628,3.4e-256,0.000834,0.045,0.00176,0.019,"below detection","flux_after_tier1.csv (MDF95)","valid, CH4 below detection: CO2 rises cleanly, CH4 flat"
"failed_closure_stem","upland tree stem, monthly survey","winter 2021","ABB/LGR UGGA (GLA131)","semi-rigid sleeve chamber",1,1,5.9,7.2,348,351,1073,-0.0253,1.4e-13,0.00246,0.014,0.00181,0.00752,"below detection","flux_FINAL.csv","failed closure: CO2 not rising (slightly falling), CH4 below detection; the only such stem closure in the monthly-survey archive"
"ambiguous_stem","upland tree stem, monthly survey","winter 2020","ABB/LGR UGGA (GLA131)","semi-rigid sleeve chamber",1,1,5,5.8,583,587,1207,-0.00029,0.69,-0.00614,0.241,-0.00463,0.00461,"uptake","flux_FINAL.csv","ambiguous: CH4 marginally detected (uptake just past MDF95) over a flat CO2 tracer; the only such closure in the archive"
"uptake_stem","upland tree stem, monthly survey","summer 2020","ABB/LGR UGGA (GLA131)","semi-rigid sleeve chamber",1,1,4.8,4.8,291,293,1207,0.73,0,-0.27,0.99,-0.176,0.00782,"uptake","flux_FINAL.csv","valid, detected uptake: strongest coherent negative stem closure, CO2 rising, headspace drawn ~70 ppb below start"
"uptake_soil","upland forest soil collar","summer 2020","ABB/LGR UGGA (GLA131)","soil collar chamber",1,1,5.5,8.9,387,390,906,0.611,0,-0.367,0.997,-2.25,0.0595,"uptake","flux_after_tier1.csv (MDF95)","valid, detected uptake: strong clean soil CH4 uptake"
"high_flux_wetland_stem","mangrove tree stem, coastal wetland","wet season 2022 (October)","ABB/LGR GLA131 (LGR3)","rigid stem chamber",1,1,3.2,4.5,220,222,906,0.182,1.6e-203,5.54,1,29.3,0.0211,"emission","CH4_best_flux_lgr3_results.csv (goFlux MDF)","valid, detected: large diffusive mangrove-stem emission (continuous 1 s timestamps, CH4 steps 3.2 x MAD). No Picarro G4301 stem closure of the campaign passes the continuity test (irregular 3-7 s logging, single-sample steps >= 11 x MAD), so that format is not represented"
"ebullition_floating","open water, floating chamber, ghost-forest mangrove site","wet season 2022 (October)","ABB/LGR GLA131","floating chamber",1,1.02,60.9,5.3,276,278,278,0.114,0,6.85,0.766,NA,NA,NA,"campaign ebullition outputs (no MDF)","ebullition: one bubble burst (5 consecutive samples at 42-46 s, ~675 ppb) inside a sealed floating-chamber closure; no clicked window (campaign-segmented trace)"
"emission_li7810_stem","tree stem, Santa Fe 2026","spring 2026 (May)","LI-COR LI-7810","rigid stem chamber",1,1,4.1,4.3,402,403,901,0.607,0,0.332,1,0.653,0.00282,"emission","santafe_2026_fluxes_with_mdf.csv (CH4_MDF)","valid, detected: clean LI-7810 stem emission, third analyzer format (continuous 1 s timestamps, CH4 steps 4.1 x MAD); Tcham is the campaign default (24 C) as no chamber temperature was logged"
"ebullition_overshoot","open water, floating chamber, mangrove site","dry season 2023 (March)","ABB/LGR GLA131","floating chamber",1,1.03,8.4,42.5,521,525,525,1.28,0,0.097,0.786,NA,NA,NA,"campaign ebullition outputs (no MDF)","ebullition with overshoot: one small bubble (settled step ~28 ppb at ~38 s) with a transient peak ~23 ppb above it that decays over ~4 s (find.bubbles keeps the re-equilibration term); campaign-segmented trace, no clicked window"
