"UniqueID","start.time","obs.length","Area","Vtot","Tcham","Pcham","start.time_corr","end.time_corr","kind","campaign_type","season_year","analyzer","chamber_family","campaign"
"emission_stem_semirigid","2000-01-01 01:00:00",600,4254.12116611519,7.08269791269253,26.02,101.325,"2000-01-01 01:01:31","2000-01-01 01:14:16","real","upland tree stem, monthly survey","spring 2021","ABB/LGR UGGA (GLA131)","semi-rigid sleeve chamber","ymf_monthly"
"emission_upland_stem","2000-01-02 01:00:00",300,462.19,2.388644,19.1,101.325,"2000-01-02 00:41:18","2000-01-02 01:01:27","real","upland tree stem, height campaign","summer 2021","ABB/LGR UGGA (GLA131)","rigid static stem chamber","ymf_height"
"below_detection_stem","2000-01-03 01:00:00",300,462.19,2.388644,19.3,101.325,"2000-01-03 00:50:26","2000-01-03 01:09:10","real","upland tree stem, height campaign","summer 2021","ABB/LGR UGGA (GLA131)","rigid static stem chamber","ymf_height"
"failed_closure_stem","2000-01-04 01:00:00",600,4085.3756222677,6.88154678826359,4.78,101.325,"2000-01-04 01:01:04","2000-01-04 01:06:52","real","upland tree stem, monthly survey","winter 2021","ABB/LGR UGGA (GLA131)","semi-rigid sleeve chamber","ymf_monthly"
"ambiguous_stem","2000-01-05 01:00:00",600,3590.56051864223,6.12275141234114,1.161,101.325,"2000-01-05 01:01:43","2000-01-05 01:11:26","real","upland tree stem, monthly survey","winter 2020","ABB/LGR UGGA (GLA131)","semi-rigid sleeve chamber","ymf_monthly"
"uptake_stem","2000-01-06 01:00:00",600,4580.84510547397,7.53635880479937,32.15,101.325,"2000-01-06 01:00:14","2000-01-06 01:05:05","real","upland tree stem, monthly survey","summer 2020","ABB/LGR UGGA (GLA131)","semi-rigid sleeve chamber","ymf_monthly"
"uptake_soil","2000-01-07 01:00:00",300,507.7,7.62895821933309,27.78,101.325,"2000-01-07 01:02:02","2000-01-07 01:08:29","real","upland forest soil collar","summer 2020","ABB/LGR UGGA (GLA131)","soil collar chamber","ymf_soil"
"high_flux_wetland_stem","2000-01-08 01:00:00",300,107.68,1.36699555555556,25.9,101.325,"2000-01-08 01:00:20","2000-01-08 01:04:00","real","mangrove tree stem, coastal wetland","wet season 2022 (October)","ABB/LGR GLA131 (LGR3)","rigid stem chamber","blueflux"
"ebullition_floating","2000-01-09 01:00:00",276,324.3,4.318,28.72,101.325,"2000-01-09 01:00:00","2000-01-09 01:04:35","real","open water, floating chamber, ghost-forest mangrove site","wet season 2022 (October)","ABB/LGR GLA131","floating chamber","blueflux"
"emission_li7810_stem","2000-01-10 01:00:00",540,213.35,1.1096,24,92.79,"2000-01-10 00:59:50","2000-01-10 01:06:32","real","tree stem, Santa Fe 2026","spring 2026 (May)","LI-COR LI-7810","rigid stem chamber","santafe"
"ebullition_overshoot","2000-01-11 01:00:00",521,324.3,4.318,27.51,101.325,"2000-01-11 01:00:00","2000-01-11 01:08:41","real","open water, floating chamber, mangrove site","dry season 2023 (March)","ABB/LGR GLA131","floating chamber","blueflux"
